{"ALLERGY": {"precision": 1.0, "recall": 0.876708984375, "f1-score": 0.9343046702224534, "support": 4096}, "COLD": {"precision": 0.2842582106455266, "recall": 0.98046875, "f1-score": 0.44073748902546084, "support": 256}, "COVID": {"precision": 0.3012232415902141, "recall": 0.384765625, "f1-score": 0.3379073756432247, "support": 512}, "FLU": {"precision": 0.9505512863347811, "recall": 0.9104, "f1-score": 0.9300424975482183, "support": 6250}, "accuracy": 0.8753824005758503, "macro avg": {"precision": 0.6340081846426304, "recall": 0.78808583984375, "f1-score": 0.6607480081098394, "support": 11114}, "weighted avg": {"precision": 0.923514660897231, "recall": 0.8753824005758503, "f1-score": 0.8930641454406499, "support": 11114}}