{"ALLERGY": {"precision": 0.9669799951795613, "recall": 0.9794921875, "f1-score": 0.9731958762886599, "support": 4096}, "COLD": {"precision": 0.44881889763779526, "recall": 0.4453125, "f1-score": 0.44705882352941173, "support": 256}, "COVID": {"precision": 0.2773722627737226, "recall": 0.07421875, "f1-score": 0.11710323574730354, "support": 512}, "FLU": {"precision": 0.9201399452388196, "recall": 0.96784, "f1-score": 0.9433873986275733, "support": 6250}, "accuracy": 0.9189310779197408, "macro avg": {"precision": 0.6533277752074746, "recall": 0.616715859375, "f1-score": 0.6201863335482372, "support": 11114}, "weighted avg": {"precision": 0.8969351227581004, "recall": 0.9189310779197408, "f1-score": 0.904875424350084, "support": 11114}}