{"ALLERGY": {"precision": 0.9997479838709677, "recall": 0.968505859375, "f1-score": 0.9838789682539683, "support": 4096}, "COLD": {"precision": 0.5114155251141552, "recall": 0.875, "f1-score": 0.6455331412103746, "support": 256}, "COVID": {"precision": 0.38405797101449274, "recall": 0.103515625, "f1-score": 0.16307692307692306, "support": 512}, "FLU": {"precision": 0.9255707762557077, "recall": 0.97296, "f1-score": 0.9486739469578783, "support": 6250}, "accuracy": 0.9290084578009717, "macro avg": {"precision": 0.7051980640638309, "recall": 0.72999537109375, "f1-score": 0.685290744874786, "support": 11114}, "weighted avg": {"precision": 0.9184222736298634, "recall": 0.9290084578009717, "f1-score": 0.9184751026831234, "support": 11114}}