{"ALLERGY": {"precision": 1.0, "recall": 0.968505859375, "f1-score": 0.984000992186531, "support": 4096}, "COLD": {"precision": 0.47058823529411764, "recall": 1.0, "f1-score": 0.6399999999999999, "support": 256}, "COVID": {"precision": 0.5046059365404298, "recall": 0.962890625, "f1-score": 0.6621893888515782, "support": 512}, "FLU": {"precision": 1.0, "recall": 0.90016, "f1-score": 0.9474570562478949, "support": 6250}, "accuracy": 0.9305380601043729, "macro avg": {"precision": 0.7437985429586369, "recall": 0.95788912109375, "f1-score": 0.808411859321501, "support": 11114}, "weighted avg": {"precision": 0.9649836987352882, "recall": 0.9305380601043729, "f1-score": 0.940701424566977, "support": 11114}}