{"ALLERGY": {"precision": 0.9521152952115295, "recall": 1.0, "f1-score": 0.9754703500833531, "support": 4096}, "COLD": {"precision": 0.6761363636363636, "recall": 0.46484375, "f1-score": 0.5509259259259259, "support": 256}, "COVID": {"precision": 0.569672131147541, "recall": 0.54296875, "f1-score": 0.556, "support": 512}, "FLU": {"precision": 0.9642160052049447, "recall": 0.94848, "f1-score": 0.9562832714954024, "support": 6250}, "accuracy": 0.937646211984884, "macro avg": {"precision": 0.7905349488000948, "recall": 0.739073125, "f1-score": 0.7596698868761704, "support": 11114}, "weighted avg": {"precision": 0.9349448733089598, "recall": 0.937646211984884, "f1-score": 0.9355772933079644, "support": 11114}}