{"ALLERGY": {"precision": 0.9640304907098618, "recall": 0.988037109375, "f1-score": 0.9758861827827345, "support": 4096}, "COLD": {"precision": 0.5769230769230769, "recall": 0.5859375, "f1-score": 0.5813953488372093, "support": 256}, "COVID": {"precision": 0.444636678200692, "recall": 0.501953125, "f1-score": 0.4715596330275229, "support": 512}, "FLU": {"precision": 0.9580454096742349, "recall": 0.93168, "f1-score": 0.9446787800129786, "support": 6250}, "accuracy": 0.9246895807090156, "macro avg": {"precision": 0.7359089138769664, "recall": 0.75190193359375, "f1-score": 0.7433799861651114, "support": 11114}, "weighted avg": {"precision": 0.92782067548521, "recall": 0.9246895807090156, "f1-score": 0.9260165486028085, "support": 11114}}