{"ALLERGY": {"precision": 0.9987399193548387, "recall": 0.967529296875, "f1-score": 0.9828869047619048, "support": 4096}, "COLD": {"precision": 0.464, "recall": 0.90625, "f1-score": 0.6137566137566138, "support": 256}, "COVID": {"precision": 0.4955044955044955, "recall": 0.96875, "f1-score": 0.6556510244547257, "support": 512}, "FLU": {"precision": 0.999645704162976, "recall": 0.90288, "f1-score": 0.9488020176544766, "support": 6250}, "accuracy": 0.9298182472557135, "macro avg": {"precision": 0.7394725297555775, "recall": 0.93635232421875, "f1-score": 0.8002741401569302, "support": 11114}, "weighted avg": {"precision": 0.9637490248690229, "recall": 0.9298182472557135, "f1-score": 0.9401414783055382, "support": 11114}}