{"ALLERGY": {"precision": 1.0, "recall": 0.968505859375, "f1-score": 0.984000992186531, "support": 4096}, "COLD": {"precision": 0.47904191616766467, "recall": 0.9375, "f1-score": 0.6340819022457067, "support": 256}, "COVID": {"precision": 0.4974974974974975, "recall": 0.970703125, "f1-score": 0.657842488418266, "support": 512}, "FLU": {"precision": 1.0, "recall": 0.90352, "f1-score": 0.9493149533495839, "support": 6250}, "accuracy": 0.9313478495591146, "macro avg": {"precision": 0.7441348534162906, "recall": 0.94505724609375, "f1-score": 0.8063100840500219, "support": 11114}, "weighted avg": {"precision": 0.9648509491863991, "recall": 0.9313478495591146, "f1-score": 0.9414096494039936, "support": 11114}}