{"ALLERGY": {"precision": 0.9991843393148451, "recall": 0.897216796875, "f1-score": 0.9454592230511962, "support": 4096}, "COLD": {"precision": 0.1726962457337884, "recall": 0.98828125, "f1-score": 0.294015107495642, "support": 256}, "COVID": {"precision": 0.15943919139223997, "recall": 0.955078125, "f1-score": 0.2732606873428332, "support": 512}, "FLU": {"precision": 0.9993112947658402, "recall": 0.46432, "f1-score": 0.6340397640375792, "support": 6250}, "accuracy": 0.6585387799172215, "macro avg": {"precision": 0.5826577678016784, "recall": 0.82622404296875, "f1-score": 0.5366936954818127, "support": 11114}, "weighted avg": {"precision": 0.9415329990121274, "recall": 0.6585387799172215, "f1-score": 0.724359082444753, "support": 11114}}