{"ALLERGY": {"precision": 0.9780626078383041, "recall": 0.96875, "f1-score": 0.973384030418251, "support": 4096}, "COLD": {"precision": 0.24448529411764705, "recall": 0.51953125, "f1-score": 0.33249999999999996, "support": 256}, "COVID": {"precision": 0.16207379729098553, "recall": 0.677734375, "f1-score": 0.26159065209197135, "support": 512}, "FLU": {"precision": 0.9599725526075022, "recall": 0.67152, "f1-score": 0.790246657879872, "support": 6250}, "accuracy": 0.7778477595825085, "macro avg": {"precision": 0.5861485629636097, "recall": 0.70938390625, "f1-score": 0.5894303350975235, "support": 11114}, "weighted avg": {"precision": 0.9134013779925937, "recall": 0.7778477595825085, "f1-score": 0.8228429921012638, "support": 11114}}