{"ALLERGY": {"precision": 1.0, "recall": 0.968505859375, "f1-score": 0.984000992186531, "support": 4096}, "COLD": {"precision": 0.4894837476099426, "recall": 1.0, "f1-score": 0.6572528883183568, "support": 256}, "COVID": {"precision": 0.4673076923076923, "recall": 0.94921875, "f1-score": 0.6262886597938144, "support": 512}, "FLU": {"precision": 0.9987464183381088, "recall": 0.89232, "f1-score": 0.9425384485381105, "support": 6250}, "accuracy": 0.9254993701637574, "macro avg": {"precision": 0.738884464563936, "recall": 0.95251115234375, "f1-score": 0.8025202472092032, "support": 11114}, "weighted avg": {"precision": 0.9629957254330451, "recall": 0.9254993701637574, "f1-score": 0.9366789545243076, "support": 11114}}