{"ALLERGY": {"precision": 0.9587753134040502, "recall": 0.970947265625, "f1-score": 0.9648229015041242, "support": 4096}, "COLD": {"precision": 0.29571984435797666, "recall": 0.296875, "f1-score": 0.2962962962962963, "support": 256}, "COVID": {"precision": 0.17889087656529518, "recall": 0.1953125, "f1-score": 0.18674136321195145, "support": 512}, "FLU": {"precision": 0.9247154471544715, "recall": 0.90992, "f1-score": 0.917258064516129, "support": 6250}, "accuracy": 0.8853698038509987, "macro avg": {"precision": 0.5895253703704484, "recall": 0.59326369140625, "f1-score": 0.5912796563821252, "support": 11114}, "weighted avg": {"precision": 0.8884210578887448, "recall": 0.8853698038509987, "f1-score": 0.8868311082961193, "support": 11114}}