{"ALLERGY": {"precision": 0.9929947460595446, "recall": 0.968994140625, "f1-score": 0.9808476461139256, "support": 4096}, "COLD": {"precision": 0.46008403361344535, "recall": 0.85546875, "f1-score": 0.5983606557377049, "support": 256}, "COVID": {"precision": 0.4719222462203024, "recall": 0.853515625, "f1-score": 0.6077885952712101, "support": 512}, "FLU": {"precision": 0.989326334208224, "recall": 0.90464, "f1-score": 0.9450898453823653, "support": 6250}, "accuracy": 0.9248695339211805, "macro avg": {"precision": 0.7285818400253791, "recall": 0.89565462890625, "f1-score": 0.7830216856263015, "support": 11114}, "weighted avg": {"precision": 0.9546519499128245, "recall": 0.9248695339211805, "f1-score": 0.9347428091389359, "support": 11114}}