{"ALLERGY": {"precision": 0.9718551150269212, "recall": 0.969482421875, "f1-score": 0.9706673185040333, "support": 4096}, "COLD": {"precision": 0.267515923566879, "recall": 0.328125, "f1-score": 0.2947368421052632, "support": 256}, "COVID": {"precision": 0.17894736842105263, "recall": 0.19921875, "f1-score": 0.18853974121996303, "support": 512}, "FLU": {"precision": 0.9249674479166666, "recall": 0.90928, "f1-score": 0.9170566403098274, "support": 6250}, "accuracy": 0.8853698038509987, "macro avg": {"precision": 0.5858214637328798, "recall": 0.60152654296875, "f1-score": 0.5927501355347717, "support": 11114}, "weighted avg": {"precision": 0.8927362092580651, "recall": 0.8853698038509987, "f1-score": 0.8889186897257971, "support": 11114}}