{"ALLERGY": {"precision": 0.999183895538629, "recall": 0.896728515625, "f1-score": 0.945187853834277, "support": 4096}, "COLD": {"precision": 0.1723433242506812, "recall": 0.98828125, "f1-score": 0.29350348027842227, "support": 256}, "COVID": {"precision": 0.15938722294654498, "recall": 0.955078125, "f1-score": 0.2731843575418994, "support": 512}, "FLU": {"precision": 0.9993108201240524, "recall": 0.464, "f1-score": 0.6337412587412588, "support": 6250}, "accuracy": 0.6581788734928918, "macro avg": {"precision": 0.5825563157149769, "recall": 0.82602197265625, "f1-score": 0.5364042375989644, "support": 11114}, "weighted avg": {"precision": 0.9415220452634837, "recall": 0.6581788734928918, "f1-score": 0.7240759041254988, "support": 11114}}