{"ALLERGY": {"precision": 0.9680721423348769, "recall": 0.9697265625, "f1-score": 0.9688986461763629, "support": 4096}, "COLD": {"precision": 0.2799227799227799, "recall": 0.56640625, "f1-score": 0.37467700258397935, "support": 256}, "COVID": {"precision": 0.19673617407071622, "recall": 0.84765625, "f1-score": 0.31935246504782927, "support": 512}, "FLU": {"precision": 0.9848378819687427, "recall": 0.67552, "f1-score": 0.8013666128879187, "support": 6250}, "accuracy": 0.7893647651610581, "macro avg": {"precision": 0.607392244574279, "recall": 0.764827265625, "f1-score": 0.6160736816740225, "support": 11114}, "weighted avg": {"precision": 0.9261156568375685, "recall": 0.7893647651610581, "f1-score": 0.8310757567081035, "support": 11114}}