{"ALLERGY": {"precision": 0.9629985583853916, "recall": 0.978515625, "f1-score": 0.9706950835553404, "support": 4096}, "COLD": {"precision": 0.4, "recall": 0.4140625, "f1-score": 0.4069097888675624, "support": 256}, "COVID": {"precision": 0.1715210355987055, "recall": 0.103515625, "f1-score": 0.12911084043848967, "support": 512}, "FLU": {"precision": 0.9227030417058639, "recall": 0.9416, "f1-score": 0.9320557491289199, "support": 6250}, "accuracy": 0.9044448443404715, "macro avg": {"precision": 0.6143056589224902, "recall": 0.6094234375, "f1-score": 0.6096928654975782, "support": 11114}, "weighted avg": {"precision": 0.8909083026844296, "recall": 0.9044448443404715, "f1-score": 0.8972097490150286, "support": 11114}}