{"ALLERGY": {"precision": 1.0, "recall": 0.968505859375, "f1-score": 0.984000992186531, "support": 4096}, "COLD": {"precision": 0.476, "recall": 0.9296875, "f1-score": 0.6296296296296297, "support": 256}, "COVID": {"precision": 0.49500998003992014, "recall": 0.96875, "f1-score": 0.6552179656538969, "support": 512}, "FLU": {"precision": 1.0, "recall": 0.9032, "f1-score": 0.9491382934005885, "support": 6250}, "accuracy": 0.9308979665287025, "macro avg": {"precision": 0.74275249500998, "recall": 0.94253583984375, "f1-score": 0.8044967202176616, "support": 11114}, "weighted avg": {"precision": 0.9646662866457116, "recall": 0.9308979665287025, "f1-score": 0.9410868437420992, "support": 11114}}