{"ALLERGY": {"precision": 0.9831891223733004, "recall": 0.970947265625, "f1-score": 0.97702984891291, "support": 4096}, "COLD": {"precision": 0.44072948328267475, "recall": 0.56640625, "f1-score": 0.49572649572649574, "support": 256}, "COVID": {"precision": 0.3532423208191126, "recall": 0.404296875, "f1-score": 0.3770491803278688, "support": 512}, "FLU": {"precision": 0.940526486837829, "recall": 0.92608, "f1-score": 0.9332473395678812, "support": 6250}, "accuracy": 0.9102933237358287, "macro avg": {"precision": 0.6794218533282292, "recall": 0.71693259765625, "f1-score": 0.695763216133789, "support": 11114}, "weighted avg": {"precision": 0.9176822029833742, "recall": 0.9102933237358287, "f1-score": 0.9136823192982174, "support": 11114}}