{"ALLERGY": {"precision": 1.0, "recall": 0.9677734375, "f1-score": 0.9836228287841191, "support": 4096}, "COLD": {"precision": 0.46904315196998125, "recall": 0.9765625, "f1-score": 0.6337135614702155, "support": 256}, "COVID": {"precision": 0.5010121457489879, "recall": 0.966796875, "f1-score": 0.66, "support": 512}, "FLU": {"precision": 1.0, "recall": 0.90064, "f1-score": 0.9477228722956478, "support": 6250}, "accuracy": 0.9301781536800432, "macro avg": {"precision": 0.7425138244297422, "recall": 0.952943203125, "f1-score": 0.8062648156374956, "support": 11114}, "weighted avg": {"precision": 0.9647825504343889, "recall": 0.9301781536800432, "f1-score": 0.9404658745981578, "support": 11114}}