{"ALLERGY": {"precision": 0.9533302063789869, "recall": 0.992431640625, "f1-score": 0.972488038277512, "support": 4096}, "COLD": {"precision": 0.5666666666666667, "recall": 0.46484375, "f1-score": 0.5107296137339056, "support": 256}, "COVID": {"precision": 0.3996212121212121, "recall": 0.412109375, "f1-score": 0.4057692307692307, "support": 512}, "FLU": {"precision": 0.9530431937172775, "recall": 0.932, "f1-score": 0.94240414172464, "support": 6250}, "accuracy": 0.9195609141623178, "macro avg": {"precision": 0.7181653197210358, "recall": 0.70034619140625, "f1-score": 0.7078477561263221, "support": 11114}, "weighted avg": {"precision": 0.9187541131306498, "recall": 0.9195609141623178, "f1-score": 0.9188264817197602, "support": 11114}}