{"ALLERGY": {"precision": 1.0, "recall": 0.968505859375, "f1-score": 0.984000992186531, "support": 4096}, "COLD": {"precision": 0.4823529411764706, "recall": 0.9609375, "f1-score": 0.6422976501305483, "support": 256}, "COVID": {"precision": 0.5, "recall": 0.966796875, "f1-score": 0.6591211717709721, "support": 512}, "FLU": {"precision": 1.0, "recall": 0.90352, "f1-score": 0.9493149533495839, "support": 6250}, "accuracy": 0.9317077559834444, "macro avg": {"precision": 0.7455882352941177, "recall": 0.94994005859375, "f1-score": 0.8086836918594088, "support": 11114}, "weighted avg": {"precision": 0.9650425007145201, "recall": 0.9317077559834444, "f1-score": 0.9416577974456621, "support": 11114}}